event_id,failed_logins,connection_count,unique_destinations,bytes_mb,session_minutes,off_hours,privileged_action,baseline_deviation,label
E0000,1,18,3,3.692,28.365,0,0,0.248,0
E0001,2,11,4,17.179,2.646,1,0,0.98,0
E0002,0,18,5,28.124,1.988,0,0,1.677,0
E0003,1,20,4,15.382,3.885,0,0,0.162,0
E0004,2,19,4,20.564,19.423,0,0,1.815,0
E0005,0,40,14,69.266,10.345,1,0,2.512,1
E0006,2,19,4,21.17,6.924,0,0,0.412,0
E0007,2,16,6,53.525,15.72,0,0,0.159,0
E0008,1,23,5,41.785,5.747,0,0,0.527,0
E0009,0,18,4,18.596,10.25,0,0,0.0,0
E0010,1,9,8,17.659,13.443,0,0,0.422,0
E0011,2,30,15,6.668,6.234,1,1,2.155,1
E0012,1,27,6,16.245,3.41,0,0,0.059,0
E0013,1,14,5,8.334,9.236,0,0,1.061,0
E0014,1,16,4,23.192,10.102,0,0,0.53,0
E0015,0,16,5,22.184,14.916,0,0,0.3,0
E0016,1,22,3,31.573,3.801,0,0,0.471,0
E0017,1,17,4,49.791,5.067,0,0,0.845,0
E0018,1,25,9,19.745,28.186,0,0,0.69,0
E0019,1,18,4,88.435,17.272,1,0,0.264,0
E0020,1,14,4,23.362,8.159,0,0,0.719,0
E0021,0,18,3,8.571,19.117,0,0,0.622,0
E0022,3,43,9,29.508,5.754,1,1,1.673,1
E0023,2,48,10,33.372,10.174,1,0,2.141,1
E0024,0,20,1,29.515,10.041,0,0,0.969,0
E0025,2,17,5,10.851,6.843,0,0,0.965,0
E0026,0,11,5,16.549,7.029,0,0,0.524,0
E0027,2,23,4,18.089,14.416,1,0,1.022,0
E0028,1,14,5,15.01,17.432,0,0,0.111,0
E0029,2,14,3,34.036,6.295,0,1,0.128,0
E0030,0,19,12,30.474,2.786,0,0,0.512,0
E0031,4,38,9,90.765,3.754,1,1,3.124,1
E0032,1,20,5,16.197,1.22,1,0,0.74,0
E0033,1,20,7,43.888,25.213,0,0,0.499,0
E0034,2,19,7,8.276,14.456,0,0,1.499,0
E0035,0,16,7,8.146,12.375,1,0,0.492,0
E0036,1,18,5,9.125,5.669,0,0,1.879,0
E0037,0,17,4,20.206,5.643,0,1,0.369,0
E0038,2,15,4,43.884,17.811,0,0,0.094,0
E0039,0,13,1,13.58,1.998,0,0,0.559,0
E0040,0,15,2,14.734,6.509,0,0,0.513,0
E0041,0,18,7,17.454,19.522,0,0,0.206,0
E0042,0,27,4,29.147,6.5,0,0,2.081,0
E0043,0,20,5,14.725,13.959,1,0,0.825,0
E0044,1,15,6,14.201,8.403,0,1,0.905,0
E0045,1,20,2,8.377,0.437,0,0,0.396,0
E0046,0,18,3,13.851,8.142,1,0,0.332,0
E0047,2,17,3,43.179,9.371,0,0,1.214,0
E0048,0,11,9,21.308,7.679,0,0,0.0,0
E0049,0,19,9,12.417,3.264,0,0,0.021,0
E0050,1,23,3,44.858,7.744,0,0,0.514,0
E0051,0,19,2,13.73,1.313,0,0,1.393,0
E0052,0,23,6,50.55,6.447,0,1,0.444,0
E0053,0,26,5,50.016,14.725,0,0,0.879,0
E0054,2,23,3,20.83,24.319,0,0,0.665,0
E0055,0,14,6,7.583,21.747,0,0,1.363,0
E0056,0,17,4,88.959,3.726,0,0,0.0,0
E0057,0,13,3,25.835,2.366,0,0,1.055,0
E0058,6,17,3,16.272,10.043,0,0,0.541,0
E0059,0,24,4,37.393,8.933,0,0,1.159,0
E0060,0,12,7,31.706,13.262,0,0,0.199,0
E0061,1,25,8,47.092,5.292,0,0,0.663,0
E0062,2,17,4,13.059,9.135,0,0,0.594,0
E0063,0,27,1,24.705,8.779,0,0,0.099,0
E0064,0,20,2,9.292,6.622,1,0,0.0,0
E0065,0,21,9,30.973,1.854,0,0,0.331,0
E0066,2,13,3,19.788,14.578,0,0,0.721,0
E0067,0,14,4,24.111,10.092,0,0,0.234,0
E0068,0,16,5,18.263,15.273,0,0,0.468,0
E0069,0,22,8,17.062,17.801,1,0,0.0,0
E0070,2,22,3,11.423,8.221,0,0,0.446,0
E0071,1,18,6,33.575,14.641,0,0,1.213,0
E0072,1,29,6,52.895,24.691,0,0,1.038,0
E0073,0,26,6,13.988,29.93,0,0,0.602,0
E0074,1,17,1,28.783,10.985,0,0,0.784,0
E0075,0,16,5,26.6,11.6,0,0,0.194,0
E0076,0,14,3,20.192,10.854,0,0,1.543,0
E0077,0,18,5,7.446,12.941,0,0,1.787,0
E0078,3,20,3,8.619,17.289,0,0,0.741,0
E0079,1,17,6,12.09,10.692,0,0,2.075,0
E0080,0,14,5,5.001,28.823,0,0,0.276,0
E0081,0,14,7,50.16,26.223,0,0,0.0,0
E0082,3,21,6,25.508,9.353,0,0,0.26,0
E0083,0,23,6,19.698,9.312,0,0,0.529,0
E0084,1,24,7,4.837,6.237,1,0,1.922,0
E0085,0,22,6,6.138,13.428,0,0,0.495,0
E0086,0,17,3,20.055,7.082,0,0,0.177,0
E0087,0,21,8,72.3,6.009,0,0,0.156,0
E0088,1,26,5,12.754,13.226,0,1,1.277,0
E0089,1,19,7,35.215,3.545,1,0,1.199,0
E0090,1,17,5,14.703,17.49,0,0,0.383,0
E0091,0,14,10,20.82,13.595,0,0,0.0,0
E0092,0,10,5,44.236,25.34,0,0,0.029,0
E0093,0,18,4,16.041,11.127,0,0,1.597,0
E0094,1,17,1,12.825,15.061,0,0,1.029,0
E0095,1,18,2,50.489,16.412,0,0,0.686,0
E0096,0,18,5,20.689,20.623,0,0,1.678,0
E0097,1,22,6,40.825,10.263,0,0,1.727,0
E0098,3,16,3,12.866,6.2,0,0,0.63,0
E0099,3,43,13,106.095,14.588,0,1,2.29,1
E0100,5,37,18,50.798,21.435,1,0,1.98,1
E0101,1,21,1,26.645,19.038,0,0,0.493,0
E0102,1,20,4,21.88,1.872,0,0,0.0,0
E0103,2,36,12,30.614,51.974,0,0,1.48,1
E0104,0,16,5,20.064,6.035,0,0,0.0,0
E0105,0,18,7,15.064,15.238,0,0,1.246,0
E0106,0,22,5,37.476,22.164,0,0,0.0,0
E0107,1,18,9,17.602,8.727,0,0,1.722,0
E0108,1,14,1,7.593,19.539,0,1,0.248,0
E0109,6,31,16,14.273,3.199,0,1,3.256,1
E0110,0,13,7,6.538,20.016,0,0,0.449,0
E0111,2,14,3,30.015,18.418,0,0,0.0,0
E0112,0,19,5,9.502,12.326,0,0,1.356,0
E0113,3,22,4,24.412,17.514,0,0,1.421,0
E0114,1,17,4,21.95,26.688,0,0,0.152,0
E0115,1,21,3,19.258,22.623,0,0,0.468,0
E0116,1,12,5,26.708,9.113,0,0,0.152,0
E0117,1,24,6,22.262,11.234,0,0,0.584,0
E0118,1,15,5,3.451,7.99,0,0,0.709,0
E0119,0,16,8,16.275,7.226,0,0,0.457,0
E0120,1,17,9,26.478,16.347,0,0,0.0,0
E0121,0,18,5,58.334,7.924,1,0,0.331,0
E0122,0,19,6,60.111,16.322,0,0,1.037,0
E0123,0,23,5,8.281,8.72,0,0,0.535,0
E0124,0,22,3,16.001,9.693,0,0,0.47,0
E0125,1,22,5,7.257,4.77,0,0,0.138,0
E0126,1,14,4,53.943,16.035,0,0,0.314,0
E0127,0,11,3,38.798,1.737,0,0,1.425,0
E0128,0,21,8,25.226,20.516,1,0,0.023,0
E0129,2,18,3,22.375,36.114,0,0,1.046,0
E0130,1,25,1,49.275,9.94,0,0,0.676,0
E0131,2,33,10,93.444,12.663,1,0,2.435,1
E0132,2,27,5,42.637,2.408,0,0,0.247,0
E0133,1,20,5,27.027,6.342,0,0,0.457,0
E0134,2,16,4,16.007,17.641,1,0,0.647,0
E0135,1,18,2,33.07,19.337,0,0,0.364,0
E0136,3,28,12,72.271,14.091,1,0,2.482,1
E0137,0,12,2,17.745,16.948,0,0,0.902,0
E0138,2,16,3,15.986,4.851,0,0,1.845,0
E0139,2,20,9,41.957,12.715,0,0,0.803,0
E0140,1,18,4,59.245,24.032,0,0,0.0,0
E0141,1,16,3,12.341,14.467,0,0,1.29,0
E0142,9,25,6,35.831,31.07,1,0,2.188,1
E0143,0,19,6,25.232,26.946,0,0,1.757,0
E0144,1,16,2,27.558,13.292,0,0,1.459,0
E0145,0,18,2,14.303,0.2,0,0,0.372,0
E0146,1,19,3,68.326,19.069,0,1,1.047,0
E0147,0,14,1,26.426,3.235,1,0,0.323,0
E0148,2,21,5,28.372,0.517,0,0,0.651,0
E0149,0,13,4,63.009,1.474,1,0,1.022,0
E0150,0,7,4,15.001,19.969,0,0,1.262,0
E0151,4,37,12,40.146,16.896,0,1,2.792,1
E0152,0,19,4,8.894,11.085,0,1,0.691,0
E0153,1,25,5,17.957,14.264,0,0,2.016,0
E0154,0,20,5,7.631,1.583,0,0,0.449,0
E0155,0,21,3,32.658,7.963,0,0,0.0,0
E0156,3,14,11,26.39,5.562,1,0,0.0,0
E0157,0,21,6,16.775,10.474,1,0,1.461,0
E0158,1,17,8,18.816,10.747,0,1,0.608,0
E0159,2,20,4,32.949,13.847,0,0,0.737,0
E0160,1,15,4,9.6,15.318,0,0,0.352,0
E0161,7,35,10,48.556,2.95,1,1,2.051,1
E0162,0,14,4,31.648,8.047,0,0,0.217,0
E0163,2,19,2,6.306,9.471,0,0,0.909,0
E0164,0,10,4,31.35,3.148,0,0,0.596,0
E0165,0,16,2,6.766,2.843,0,0,0.889,0
E0166,0,17,7,18.607,1.484,0,1,0.837,0
E0167,1,16,6,9.429,2.465,1,0,0.416,0
E0168,3,26,4,50.923,16.879,0,0,0.0,0
E0169,5,35,6,20.043,3.398,1,0,1.45,1
E0170,1,17,10,6.871,2.375,0,0,2.315,0
E0171,0,18,4,21.904,10.16,0,0,1.463,0
E0172,1,12,9,15.35,12.678,0,0,1.387,0
E0173,1,28,13,15.991,12.24,0,0,1.929,1
E0174,0,17,5,28.269,3.755,1,0,0.655,0
E0175,1,15,5,5.504,2.904,0,0,0.202,0
E0176,2,14,7,10.241,9.954,0,0,0.0,0
E0177,5,34,11,29.257,11.377,1,1,1.976,1
E0178,4,26,10,71.625,9.532,0,1,3.029,1
E0179,1,16,2,46.621,16.376,0,0,1.112,0
E0180,2,31,11,87.078,10.891,1,1,1.766,1
E0181,2,48,12,38.489,4.278,0,0,2.127,1
E0182,0,12,4,4.146,6.96,0,0,1.062,0
E0183,0,14,5,25.895,13.696,0,0,0.336,0
E0184,1,17,6,52.241,7.714,0,0,0.694,0
E0185,1,26,11,44.789,13.527,0,0,0.871,0
E0186,1,19,4,27.138,15.424,1,0,0.865,0
E0187,0,13,9,9.27,8.108,0,0,0.79,0
E0188,3,20,5,14.276,9.22,0,0,0.29,0
E0189,0,13,3,70.596,7.34,0,0,0.347,0
E0190,6,43,7,16.931,17.309,1,0,1.676,1
E0191,0,20,4,9.525,7.162,0,0,0.0,0
E0192,0,19,3,37.064,12.811,1,0,0.587,0
E0193,1,19,4,15.176,10.875,0,0,1.099,0
E0194,0,21,3,9.317,1.463,1,0,0.0,0
E0195,0,14,1,54.227,13.308,0,0,0.8,0
E0196,2,24,6,27.104,10.158,0,0,1.082,0
E0197,3,35,15,33.176,25.326,0,0,1.29,1
E0198,1,11,6,9.538,3.29,0,0,0.501,0
E0199,0,14,1,76.006,11.004,0,0,1.555,0
E0200,0,13,3,19.769,6.381,0,0,0.954,0
E0201,3,34,17,105.453,2.932,1,1,1.271,1
E0202,1,24,4,35.904,1.141,0,0,1.012,0
E0203,0,22,5,14.317,23.891,0,0,0.239,0
E0204,1,25,4,14.391,11.029,0,0,1.03,0
E0205,0,16,5,51.424,7.9,0,0,0.27,0
E0206,1,25,9,51.968,2.21,0,0,0.621,0
E0207,1,31,1,5.93,22.967,0,0,0.354,0
E0208,0,19,9,28.713,5.095,0,0,0.652,0
E0209,0,18,2,18.564,11.404,0,0,0.338,0
E0210,0,15,6,10.261,9.869,1,0,0.527,0
E0211,0,13,3,23.811,30.168,0,1,0.003,0
E0212,0,20,4,8.354,9.054,0,0,0.92,0
E0213,1,26,2,14.832,6.062,1,0,0.746,0
E0214,0,22,8,11.953,11.149,0,0,0.0,0
E0215,0,21,7,14.514,12.023,0,0,1.196,0
E0216,0,24,4,19.174,43.876,0,0,0.553,0
E0217,0,15,7,10.38,8.94,0,0,0.739,0
E0218,4,38,12,118.222,4.959,1,1,2.721,1
E0219,0,14,4,27.678,6.929,0,0,0.831,0
E0220,0,19,7,64.487,11.131,0,0,1.291,0
E0221,1,19,3,18.101,12.613,1,0,0.489,0
E0222,3,23,1,14.059,2.0,0,0,1.219,0
E0223,2,37,13,133.349,8.772,1,1,2.368,1
E0224,0,18,3,13.794,29.033,0,0,0.929,0
E0225,6,27,8,37.868,6.326,1,0,2.522,1
E0226,1,19,2,32.074,16.637,0,1,1.332,0
E0227,0,21,3,8.984,7.116,1,0,1.047,0
E0228,1,22,7,31.892,9.337,0,0,0.406,0
E0229,0,12,5,29.347,2.277,0,1,0.297,0
E0230,0,21,4,45.836,7.665,1,0,0.623,0
E0231,0,24,2,35.821,11.033,0,0,0.232,0
E0232,5,40,12,98.987,11.978,1,0,1.721,1
E0233,2,11,8,18.694,8.04,0,0,0.0,0
E0234,4,31,12,24.271,17.362,1,1,1.448,1
E0235,1,21,7,79.162,2.895,0,0,1.742,0
E0236,0,19,2,7.446,11.406,0,0,0.289,0
E0237,0,13,4,7.947,1.03,0,0,1.697,0
E0238,0,23,5,29.001,19.816,0,0,0.872,0
E0239,0,16,4,57.757,8.248,0,0,0.623,0
E0240,1,10,6,22.719,15.89,0,0,0.0,0
E0241,0,21,6,38.457,0.316,1,0,0.653,0
E0242,1,20,4,5.489,14.391,0,0,1.691,0
E0243,0,25,1,14.517,4.944,1,0,1.507,0
E0244,2,17,9,5.941,9.383,0,0,0.801,0
E0245,3,38,17,70.617,18.211,1,0,1.668,1
E0246,2,15,10,7.347,8.75,0,0,0.124,0
E0247,0,11,4,8.753,13.379,0,0,0.181,0
E0248,1,22,5,28.054,7.198,0,0,1.353,0
E0249,0,18,2,40.052,20.855,0,0,1.547,0
E0250,2,13,6,18.114,8.231,0,0,0.758,0
E0251,1,32,13,61.597,11.206,0,0,2.133,1
E0252,1,17,6,28.49,8.475,0,0,1.502,0
E0253,1,24,8,17.461,9.192,0,0,0.112,0
E0254,1,17,8,9.86,3.033,1,0,0.679,0
E0255,0,13,9,28.997,4.153,1,0,0.905,0
E0256,1,17,6,29.92,17.49,0,0,0.175,0
E0257,3,25,5,35.914,15.884,0,0,0.3,0
E0258,0,19,6,24.602,15.204,0,0,0.257,0
E0259,2,15,4,9.398,12.548,0,0,1.429,0
E0260,0,12,6,31.46,6.168,0,0,1.703,0
E0261,1,16,5,20.068,5.671,0,0,0.713,0
E0262,2,17,6,14.676,8.908,1,0,0.502,0
E0263,0,25,4,16.585,19.318,0,0,0.32,0
E0264,2,46,13,27.149,13.77,1,0,2.301,1
E0265,2,29,3,35.793,3.973,0,0,0.347,0
E0266,0,8,7,7.99,2.456,0,0,0.597,0
E0267,1,17,3,10.53,16.221,0,0,0.877,0
E0268,1,21,4,16.221,23.374,0,0,0.427,0
E0269,1,20,6,57.337,1.894,0,0,0.546,0
E0270,1,20,3,39.856,16.585,1,0,0.548,0
E0271,1,26,5,6.913,12.344,0,0,0.475,0
E0272,0,15,3,48.346,4.804,0,0,0.407,0
E0273,1,20,2,48.285,10.69,1,0,1.069,0
E0274,0,20,6,9.364,3.419,0,1,0.0,0
E0275,0,20,4,3.9,7.762,0,0,1.516,0
E0276,0,15,6,19.164,9.274,0,0,0.725,0
E0277,0,16,7,41.661,20.725,0,0,0.986,0
E0278,4,35,10,119.62,10.179,1,1,2.699,1
E0279,2,14,6,11.404,5.258,0,0,0.261,0
E0280,0,12,3,62.727,11.699,0,0,0.147,0
E0281,0,27,3,4.72,13.626,0,0,0.082,0
E0282,0,24,4,15.812,5.1,0,0,0.514,0
E0283,3,21,5,15.315,3.839,0,1,1.035,0
E0284,1,16,1,42.479,4.134,1,0,0.329,0
E0285,1,20,5,46.707,20.772,0,1,0.984,0
E0286,2,13,4,37.347,13.22,0,0,0.0,0
E0287,0,19,6,8.349,7.104,0,0,0.438,0
E0288,1,12,6,35.188,18.535,0,0,1.292,0
E0289,1,16,7,27.963,5.067,0,0,0.556,0
E0290,1,29,7,6.778,8.651,0,0,0.194,0
E0291,0,21,2,5.241,3.368,0,0,0.289,0
E0292,2,39,15,83.487,22.013,1,0,0.635,1
E0293,0,14,1,17.867,4.733,0,0,0.094,0
E0294,0,20,2,8.711,4.823,0,0,1.231,0
E0295,8,33,17,37.14,15.233,1,0,1.98,1
E0296,8,36,17,53.873,1.844,1,1,2.045,1
E0297,0,15,4,19.032,2.72,1,0,0.0,0
E0298,0,13,1,7.324,14.876,0,1,0.0,0
E0299,0,11,7,68.416,4.081,0,0,1.305,0
E0300,0,23,5,38.58,36.48,0,0,0.99,0
E0301,1,15,5,16.151,10.295,0,0,0.0,0
E0302,2,21,1,16.58,1.754,0,0,0.303,0
E0303,0,16,6,25.373,24.139,0,1,0.634,0
E0304,0,11,5,9.638,10.287,0,0,0.0,0
E0305,1,26,2,24.773,7.914,0,0,0.0,0
E0306,1,25,1,8.457,10.26,0,0,0.562,0
E0307,1,17,4,19.185,1.738,0,0,0.965,0
E0308,0,10,2,9.397,8.863,1,0,0.976,0
E0309,0,11,2,9.711,4.336,1,0,1.131,0
E0310,0,19,5,58.541,8.462,0,0,0.0,0
E0311,0,21,5,20.874,6.3,0,0,0.682,0
E0312,2,16,4,22.984,9.882,0,0,0.502,0
E0313,1,22,8,5.434,7.1,0,0,0.602,0
E0314,1,21,6,13.626,5.984,0,0,0.534,0
E0315,2,22,1,27.107,3.931,0,0,0.287,0
E0316,0,14,3,22.787,1.826,0,0,0.0,0
E0317,0,18,2,4.952,1.43,0,0,1.289,0
E0318,0,12,1,22.98,2.811,0,0,0.831,0
E0319,4,27,12,53.961,17.716,0,0,1.484,1
E0320,4,32,10,97.949,5.657,1,0,2.56,1
E0321,1,16,5,13.12,5.211,0,0,0.404,0
E0322,1,15,3,4.677,5.252,0,0,0.42,0
E0323,0,19,5,10.508,6.381,0,0,0.227,0
E0324,1,19,7,9.844,12.473,0,0,0.945,0
E0325,1,18,2,32.423,7.046,0,0,0.21,0
E0326,1,22,9,3.435,15.935,0,0,0.047,0
E0327,0,15,8,15.008,2.843,0,0,1.272,0
E0328,0,8,2,50.743,14.819,0,0,0.552,0
E0329,0,21,7,20.18,22.297,1,0,0.569,0
E0330,1,18,4,35.967,8.778,0,0,1.031,0
E0331,1,14,3,6.909,3.495,0,0,0.283,0
E0332,1,19,6,7.09,12.645,0,0,0.393,0
E0333,2,40,14,108.224,11.828,1,0,2.468,1
E0334,2,22,3,21.451,11.133,0,0,0.0,0
E0335,0,18,4,21.48,16.249,0,0,0.772,0
E0336,2,12,5,9.71,6.628,0,0,0.234,0
E0337,0,11,3,21.445,5.824,1,0,1.121,0
E0338,1,20,7,9.537,41.076,0,0,0.951,0
E0339,6,35,10,91.97,16.218,0,0,2.528,1
E0340,0,17,6,118.284,18.18,0,0,0.0,0
E0341,2,40,15,58.239,19.394,0,0,2.243,1
E0342,1,18,6,13.294,18.331,0,0,0.003,0
E0343,1,18,6,3.869,11.404,0,0,0.63,0
E0344,0,16,3,6.72,16.875,0,0,0.0,0
E0345,1,8,5,55.183,5.238,0,0,0.0,0
E0346,3,48,9,21.781,3.09,1,1,2.954,1
E0347,2,19,1,15.783,4.18,1,0,0.853,0
E0348,0,10,4,30.752,7.951,0,1,0.455,0
E0349,0,11,4,52.641,7.177,0,0,0.15,0
E0350,0,15,9,17.642,8.932,0,0,0.054,0
E0351,0,17,7,15.44,4.985,0,0,0.76,0
E0352,0,22,4,21.043,1.075,1,0,0.461,0
E0353,0,23,5,13.357,6.483,1,0,1.501,0
E0354,1,23,7,13.832,2.507,1,0,0.548,0
E0355,0,15,5,26.251,8.651,1,0,0.682,0
E0356,0,14,7,22.656,11.791,0,0,0.0,0
E0357,2,16,7,80.282,6.384,0,0,0.452,0
E0358,0,24,10,26.716,3.299,0,0,0.747,0
E0359,1,18,7,42.447,9.271,0,0,0.445,0
E0360,2,42,10,21.193,47.924,1,0,2.033,1
E0361,0,12,4,28.257,12.755,0,0,0.83,0
E0362,0,20,6,12.554,13.423,0,0,1.483,0
E0363,1,19,7,25.973,5.865,0,0,0.73,0
E0364,0,17,3,31.423,4.456,0,0,1.279,0
E0365,0,12,6,20.747,18.359,1,0,0.992,0
E0366,0,16,4,96.04,0.649,0,0,1.246,0
E0367,0,16,6,50.815,4.856,0,0,0.315,0
E0368,0,18,2,43.173,25.629,0,0,0.536,0
E0369,7,39,19,69.88,11.095,0,0,2.188,1
E0370,3,16,5,63.192,2.028,0,0,0.95,0
E0371,0,19,4,7.893,12.038,0,0,1.086,0
E0372,0,16,3,48.944,6.417,0,0,0.719,0
E0373,0,20,5,10.545,1.568,0,0,1.132,0
E0374,0,17,8,13.918,10.48,0,0,0.34,0
E0375,0,13,6,28.931,9.385,0,0,1.137,0
E0376,3,35,12,94.783,11.939,1,1,2.859,1
E0377,0,25,9,9.489,12.629,0,0,1.023,0
E0378,5,28,10,14.394,3.101,0,0,0.724,0
E0379,0,19,3,21.4,11.247,0,0,1.042,0
E0380,0,20,9,17.794,9.886,0,0,0.158,0
E0381,5,49,12,74.078,22.119,1,0,2.409,1
E0382,0,15,6,187.42,4.802,0,0,0.815,0
E0383,0,26,5,26.379,20.246,0,0,0.0,0
E0384,1,12,5,12.455,15.435,1,0,0.911,0
E0385,3,39,9,18.307,10.812,0,1,1.613,1
E0386,1,23,3,16.258,8.987,0,0,0.415,0
E0387,4,45,10,23.077,1.559,0,0,2.322,1
E0388,0,22,5,27.219,8.801,0,0,0.248,0
E0389,1,15,3,26.945,14.716,1,0,0.695,0
E0390,0,11,8,14.864,7.101,0,0,0.687,0
E0391,0,12,6,72.983,18.072,0,0,0.199,0
E0392,0,9,4,12.453,12.184,0,1,0.962,0
E0393,2,14,3,18.585,30.738,0,0,0.23,0
E0394,1,22,10,30.431,5.092,0,0,1.908,0
E0395,0,16,9,35.868,13.766,0,0,0.59,0
E0396,2,17,2,46.082,2.579,0,0,0.006,0
E0397,0,18,9,26.537,7.614,0,0,0.109,0
E0398,1,23,3,39.769,12.688,0,0,1.281,0
E0399,0,15,2,13.036,14.358,0,0,0.425,0
E0400,0,19,4,36.48,6.678,1,0,0.0,0
E0401,3,33,9,76.56,23.517,1,0,2.77,1
E0402,0,19,3,53.698,22.199,1,0,0.421,0
E0403,0,14,5,6.79,5.142,0,0,1.009,0
E0404,7,33,11,23.578,10.554,0,0,2.815,1
E0405,3,33,13,72.606,9.838,0,1,2.451,1
E0406,0,21,6,3.584,5.862,0,0,1.968,0
E0407,0,19,4,27.655,21.295,0,0,0.0,0
E0408,0,25,4,40.0,21.135,0,0,0.2,0
E0409,5,42,6,29.235,10.061,0,1,2.159,1
E0410,0,22,10,15.186,13.72,0,0,1.894,0
E0411,0,15,5,9.992,17.933,0,0,1.639,0
E0412,1,22,6,14.311,10.582,1,0,1.359,0
E0413,3,32,12,30.871,9.557,1,0,1.863,1
E0414,0,30,4,12.886,4.838,0,0,0.277,0
E0415,2,17,9,12.435,14.627,1,0,0.194,0
E0416,3,17,5,16.842,2.797,0,0,0.219,0
E0417,0,17,4,16.71,7.096,0,0,1.471,0
E0418,1,19,5,67.91,6.171,0,0,0.516,0
E0419,6,40,8,32.91,4.236,0,0,2.239,1
E0420,1,19,4,25.121,8.274,1,0,1.076,0
E0421,2,21,9,13.805,7.67,0,0,0.0,0
E0422,0,21,3,13.691,4.014,0,0,0.679,0
E0423,0,18,7,6.634,20.768,0,0,0.047,0
E0424,0,19,4,7.233,14.697,0,1,0.488,0
E0425,1,22,3,9.166,9.094,0,0,0.327,0
E0426,1,21,2,22.633,16.244,1,0,0.299,0
E0427,2,23,3,40.428,18.872,0,0,0.774,0
E0428,2,19,5,6.288,21.387,0,0,0.772,0
E0429,0,20,3,14.057,5.067,0,0,0.529,0
E0430,9,37,14,17.488,20.079,1,0,2.504,1
E0431,0,22,9,16.915,7.695,0,0,0.172,0
E0432,1,21,6,40.417,10.322,0,0,1.025,0
E0433,1,13,4,15.022,5.284,0,1,0.537,0
E0434,2,22,9,19.475,8.781,1,0,0.384,0
E0435,1,24,4,51.723,16.399,0,0,0.213,0
E0436,1,16,8,27.049,24.981,0,0,0.517,0
E0437,1,17,3,12.255,8.152,0,0,1.679,0
E0438,0,13,3,22.271,4.13,0,1,0.615,0
E0439,1,18,5,11.729,27.406,0,0,0.021,0
E0440,0,13,3,26.399,4.902,0,0,1.155,0
E0441,0,22,6,28.078,1.821,0,0,0.39,0
E0442,0,19,7,8.259,5.639,0,0,0.806,0
E0443,1,18,3,22.507,0.826,0,0,0.317,0
E0444,0,14,6,18.608,18.262,0,0,1.354,0
E0445,1,18,3,28.618,4.63,0,0,0.325,0
E0446,5,37,7,72.994,5.02,1,0,3.069,1
E0447,1,18,4,27.394,9.634,0,1,0.073,0
E0448,0,22,4,16.493,24.989,0,0,0.489,0
E0449,0,26,5,36.843,12.344,1,0,1.42,0
E0450,0,18,3,11.387,2.753,0,0,0.742,0
E0451,7,36,14,18.023,38.712,1,0,3.549,1
E0452,0,18,8,2.517,11.337,0,0,0.502,0
E0453,2,15,2,19.19,17.045,0,0,0.791,0
E0454,1,13,2,11.775,2.199,0,0,1.698,0
E0455,3,17,9,26.012,30.064,0,0,0.0,0
E0456,2,34,15,11.807,9.118,0,0,1.399,1
E0457,0,15,10,13.188,2.014,0,0,0.212,0
E0458,0,22,5,27.267,10.484,0,0,1.097,0
E0459,1,22,9,10.284,17.039,0,0,0.0,0
E0460,0,18,7,26.207,13.67,0,0,0.978,0
E0461,1,15,9,13.984,13.504,0,0,0.94,0
E0462,7,33,12,41.624,16.305,0,1,3.408,1
E0463,0,11,5,29.573,9.811,0,0,1.225,0
E0464,0,17,6,37.312,2.191,0,0,0.85,0
E0465,1,12,3,21.33,7.607,0,0,1.398,0
E0466,0,14,8,11.833,6.821,0,1,0.946,0
E0467,5,31,13,31.572,25.742,1,0,2.047,1
E0468,1,16,1,30.387,18.28,0,0,0.02,0
E0469,0,24,2,10.342,6.131,0,0,0.337,0
E0470,2,20,13,17.89,15.256,0,0,0.628,0
E0471,1,13,2,15.63,8.458,0,0,0.746,0
E0472,1,29,3,18.78,1.83,0,0,0.0,0
E0473,1,15,4,10.422,0.74,0,0,0.529,0
E0474,0,23,4,6.027,14.034,0,0,0.666,0
E0475,1,19,4,28.176,3.62,0,0,0.951,0
E0476,1,20,2,37.588,3.606,0,0,1.545,0
E0477,0,14,2,6.266,5.018,0,0,0.752,0
E0478,0,17,5,25.529,14.249,0,0,0.15,0
E0479,0,10,3,40.612,18.446,1,0,0.0,0
E0480,0,14,7,29.587,18.185,1,0,1.028,0
E0481,0,18,4,15.32,1.602,0,0,0.172,0
E0482,1,13,3,10.878,4.838,1,0,1.127,0
E0483,1,21,1,21.171,4.194,1,0,1.419,0
E0484,1,17,5,23.596,14.242,0,0,0.0,0
E0485,1,23,6,21.376,4.904,0,0,0.955,0
E0486,1,14,7,17.866,8.002,0,0,1.361,0
E0487,1,14,5,9.937,15.136,0,0,1.21,0
E0488,1,11,7,26.437,9.206,0,0,0.0,0
E0489,1,17,1,27.277,11.304,0,1,0.18,0
E0490,1,9,3,22.886,7.782,0,0,0.0,0
E0491,0,20,3,21.588,17.185,0,0,0.938,0
E0492,1,17,8,59.83,18.347,0,0,0.877,0
E0493,0,12,4,13.385,12.833,0,0,0.0,0
E0494,0,19,8,46.198,18.397,0,1,0.485,0
E0495,0,19,5,12.464,40.805,0,0,1.09,0
E0496,0,16,5,41.298,14.957,0,0,0.731,0
E0497,0,24,6,44.777,8.673,0,0,0.73,0
E0498,2,19,9,16.602,11.491,0,0,0.449,0
E0499,1,13,7,59.123,19.649,0,0,0.068,0
E0500,1,18,2,27.245,6.515,0,0,0.641,0
E0501,5,26,12,24.041,8.553,1,1,2.329,1
E0502,6,50,14,33.341,14.635,0,1,2.638,1
E0503,0,16,1,41.942,8.554,0,0,1.033,0
E0504,0,19,5,36.598,4.157,0,0,0.697,0
E0505,3,18,3,10.097,10.134,1,0,1.252,0
E0506,3,17,4,18.347,22.351,0,0,0.444,0
E0507,1,8,6,22.926,12.536,1,0,0.0,0
E0508,0,17,4,14.441,3.45,0,0,0.912,0
E0509,0,14,4,92.997,13.95,0,0,0.72,0
E0510,4,20,7,23.38,7.285,1,0,0.923,0
E0511,0,13,4,19.295,32.465,1,0,0.0,0
E0512,1,20,4,43.556,13.197,0,0,1.635,0
E0513,1,18,2,15.841,5.605,0,0,1.041,0
E0514,0,18,4,38.661,14.675,0,0,0.492,0
E0515,1,17,8,6.794,10.663,0,0,0.136,0
E0516,0,15,10,14.956,20.961,0,0,1.242,0
E0517,0,25,5,39.722,6.077,0,0,0.044,0
E0518,0,19,4,55.736,13.176,0,0,1.894,0
E0519,1,32,4,12.15,2.193,0,0,0.313,0
E0520,0,21,3,11.264,9.819,0,0,1.596,0
E0521,1,17,7,29.045,3.364,0,0,0.549,0
E0522,0,14,5,13.397,10.412,0,0,1.519,0
E0523,0,18,5,16.868,12.1,1,0,0.246,0
E0524,0,21,7,35.505,12.827,0,0,0.66,0
E0525,1,24,5,14.102,6.07,0,0,1.093,0
E0526,1,30,7,11.852,13.138,1,0,2.664,1
E0527,1,36,11,18.252,23.395,1,1,2.905,1
E0528,1,21,6,20.216,26.767,0,1,0.382,0
E0529,1,16,2,5.982,10.285,0,0,0.697,0
E0530,0,16,7,16.558,19.625,1,1,1.337,0
E0531,0,15,7,8.127,4.477,1,0,0.262,0
E0532,2,22,5,58.321,6.842,0,0,0.965,0
E0533,0,16,5,82.051,11.106,0,0,0.529,0
E0534,2,22,1,10.096,8.596,0,0,0.763,0
E0535,0,18,6,23.734,7.94,0,0,0.697,0
E0536,1,11,6,10.759,18.288,0,0,0.216,0
E0537,2,29,9,16.427,3.874,0,0,0.507,0
E0538,0,14,4,64.862,4.224,0,0,0.73,0
E0539,0,12,3,14.83,2.889,0,0,0.594,0
E0540,2,40,15,35.307,14.626,1,0,3.165,1
E0541,0,16,1,10.885,7.278,0,0,1.205,0
E0542,1,13,2,42.31,17.123,0,0,0.809,0
E0543,6,39,9,5.098,13.857,1,1,1.88,1
E0544,0,22,8,15.062,5.957,0,0,0.197,0
E0545,1,15,2,19.495,5.246,0,0,1.736,0
E0546,0,14,6,13.07,0.749,0,0,0.095,0
E0547,0,13,6,35.209,8.211,0,0,0.713,0
E0548,0,13,2,43.874,3.408,0,0,0.849,0
E0549,0,22,5,8.022,18.575,0,0,0.479,0
E0550,0,12,5,78.317,7.007,0,1,0.099,0
E0551,2,10,3,7.964,2.43,0,0,0.218,0
E0552,1,17,5,46.414,21.047,0,0,0.349,0
E0553,2,32,14,46.87,11.143,0,0,1.91,1
E0554,4,20,4,14.477,13.891,0,0,1.38,0
E0555,0,19,7,15.393,6.025,0,0,0.645,0
E0556,2,16,5,19.653,21.523,1,0,0.362,0
E0557,0,20,4,22.999,4.678,0,0,0.709,0
E0558,1,19,6,11.044,7.275,0,0,1.017,0
E0559,1,18,8,17.252,1.715,0,0,0.46,0
E0560,2,17,1,12.171,21.18,0,0,1.146,0
E0561,1,15,4,9.118,5.435,0,0,0.0,0
E0562,2,20,5,11.808,11.535,0,1,1.294,0
E0563,0,18,8,9.512,12.699,0,0,0.645,0
E0564,0,21,5,15.285,18.956,0,0,0.624,0
E0565,0,15,4,26.605,10.931,0,0,0.269,0
E0566,2,15,3,21.725,8.676,0,0,0.0,0
E0567,1,17,5,72.481,17.684,0,0,0.0,0
E0568,1,14,2,4.774,12.553,0,0,0.23,0
E0569,2,17,4,27.25,7.71,1,0,0.973,0
E0570,2,11,6,20.17,21.803,0,0,0.121,0
E0571,0,16,3,34.13,13.233,0,0,0.0,0
E0572,1,16,1,31.999,3.149,0,0,0.15,0
E0573,0,15,6,18.043,24.392,0,0,0.438,0
E0574,0,18,6,22.471,5.902,0,0,0.46,0
E0575,1,14,7,12.383,18.894,0,0,0.579,0
E0576,7,34,10,63.364,4.031,0,0,2.868,1
E0577,1,28,3,5.922,17.611,0,0,1.337,0
E0578,0,17,5,33.279,3.33,0,0,1.753,0
E0579,0,25,5,19.785,10.725,0,0,0.0,0
E0580,1,15,12,14.635,12.981,1,0,0.179,0
E0581,0,20,8,17.268,7.836,1,0,1.034,0
E0582,0,18,7,18.111,9.447,1,0,0.4,0
E0583,0,19,3,46.677,4.0,0,0,1.123,0
E0584,3,34,17,347.85,20.26,0,0,2.414,1
E0585,1,14,6,44.386,11.133,0,0,1.519,0
E0586,1,22,4,13.909,4.655,0,0,1.223,0
E0587,0,18,5,30.246,11.435,0,0,1.234,0
E0588,0,20,6,31.114,11.685,1,0,0.423,0
E0589,0,24,6,11.008,9.778,0,0,0.596,0
E0590,5,42,19,18.737,1.611,0,0,2.132,1
E0591,1,18,7,19.276,7.0,0,0,0.0,0
E0592,0,16,10,33.954,16.238,0,0,1.459,0
E0593,0,15,3,7.045,13.481,0,1,1.06,0
E0594,2,18,2,12.571,13.206,0,0,0.46,0
E0595,1,17,4,29.143,11.074,0,0,1.368,0
E0596,0,23,4,20.638,17.506,0,0,0.303,0
E0597,2,25,6,50.43,5.874,0,0,0.0,0
E0598,2,37,11,16.99,7.113,0,0,2.854,1
E0599,1,23,5,92.657,28.381,0,0,0.0,0
E0600,0,25,6,7.391,5.388,0,1,0.542,0
E0601,1,19,4,5.371,3.045,0,0,0.763,0
E0602,5,32,13,40.924,10.474,1,0,2.512,1
E0603,0,20,6,9.608,10.039,0,0,1.117,0
E0604,2,26,11,41.463,21.548,0,1,2.619,1
E0605,1,13,9,19.146,7.012,0,1,0.952,0
E0606,5,38,16,37.44,9.579,0,0,1.865,1
E0607,1,24,2,11.617,9.378,1,1,0.812,0
E0608,0,15,5,26.608,6.111,0,0,0.0,0
E0609,1,21,1,16.342,2.503,0,0,1.509,0
E0610,2,27,5,41.157,3.273,0,0,0.0,0
E0611,0,17,4,17.863,20.747,0,0,0.459,0
E0612,1,28,17,22.714,18.877,1,0,1.575,1
E0613,2,32,14,14.196,12.118,1,0,1.898,1
E0614,1,11,7,17.96,13.452,0,0,0.657,0
E0615,0,13,4,8.802,15.455,0,0,0.359,0
E0616,0,13,6,8.352,5.622,0,0,1.279,0
E0617,1,14,6,28.3,3.964,0,0,0.775,0
E0618,0,14,2,6.325,19.369,0,0,0.395,0
E0619,1,13,6,50.296,1.025,0,0,0.577,0
E0620,0,20,7,22.283,13.598,1,0,1.321,0
E0621,1,17,6,19.521,10.62,0,0,1.15,0
E0622,1,31,14,21.702,22.134,1,0,1.674,1
E0623,0,10,6,33.011,13.94,1,0,0.276,0
E0624,2,35,6,42.441,16.926,0,1,2.561,1
E0625,2,16,3,12.859,4.321,0,0,0.844,0
E0626,3,17,6,22.871,15.852,0,0,0.072,0
E0627,0,13,6,6.727,12.474,0,0,1.062,0
E0628,1,16,4,6.938,4.816,0,0,0.16,0
E0629,0,14,3,9.698,10.688,0,0,1.367,0
E0630,1,30,4,53.367,5.446,1,1,2.591,1
E0631,1,13,2,20.043,8.229,0,0,0.027,0
E0632,0,19,5,39.719,35.849,0,0,0.359,0
E0633,0,19,3,11.045,4.119,0,0,0.349,0
E0634,0,17,6,29.181,2.478,0,0,0.738,0
E0635,0,21,4,18.653,3.31,0,0,0.538,0
E0636,0,14,8,10.881,8.142,0,0,0.02,0
E0637,0,27,8,25.802,14.637,0,0,0.0,0
E0638,0,20,5,19.242,9.583,0,0,0.952,0
E0639,3,45,16,28.249,4.501,1,0,2.457,1
E0640,0,16,4,20.641,14.508,0,0,0.708,0
E0641,0,19,4,18.464,1.498,0,0,0.799,0
E0642,0,17,4,18.176,3.138,1,0,0.31,0
E0643,3,23,6,15.361,5.911,0,0,0.751,0
E0644,1,23,7,8.6,18.924,0,0,2.046,0
E0645,3,21,4,21.086,9.863,0,0,1.296,0
E0646,0,25,5,11.92,10.145,0,0,0.491,0
E0647,2,15,4,10.348,2.878,0,0,0.362,0
E0648,1,15,3,17.177,6.391,0,0,0.0,0
E0649,2,20,14,32.366,17.134,1,0,1.238,0
E0650,1,17,5,22.661,11.924,0,0,1.083,0
E0651,5,43,10,30.107,18.568,1,1,2.001,1
E0652,0,28,6,13.855,9.103,0,0,0.0,0
E0653,0,21,10,30.365,17.258,0,0,0.015,0
E0654,0,19,5,4.23,2.861,0,0,0.894,0
E0655,0,22,5,33.727,7.995,0,0,0.601,0
E0656,0,13,7,5.941,13.187,0,0,1.03,0
E0657,0,20,5,8.004,2.04,0,0,0.698,0
E0658,1,13,9,14.378,0.516,1,0,1.182,0
E0659,1,17,10,82.317,28.397,0,0,0.853,0
E0660,0,19,5,59.759,9.961,1,0,1.106,0
E0661,3,35,11,67.304,3.168,1,0,1.151,1
E0662,0,15,4,25.324,9.779,1,0,0.0,0
E0663,0,15,5,5.987,3.181,0,0,0.45,0
E0664,1,25,5,22.24,4.319,0,0,1.244,0
E0665,1,19,2,14.055,19.348,0,0,1.684,0
E0666,4,13,4,11.813,6.029,0,0,0.56,0
E0667,4,30,12,47.022,8.418,1,0,1.964,1
E0668,1,16,6,14.787,3.086,0,0,0.0,0
E0669,1,19,5,35.341,7.088,0,0,1.125,0
E0670,0,25,6,5.707,10.433,0,1,0.347,0
E0671,1,20,7,21.089,6.024,0,0,2.277,0
E0672,2,32,14,24.013,38.237,1,0,1.893,1
E0673,1,11,8,15.39,3.826,1,0,1.808,0
E0674,2,18,4,24.484,3.806,0,0,1.062,0
E0675,0,18,4,9.716,6.867,0,0,0.084,0
E0676,3,32,16,47.311,35.601,1,1,2.428,1
E0677,0,23,8,17.496,15.037,1,0,1.074,0
E0678,1,13,4,13.074,5.864,0,1,0.526,0
E0679,1,18,8,14.793,5.868,0,0,1.111,0
E0680,1,25,6,18.166,3.697,1,0,1.099,0
E0681,0,20,3,12.194,6.711,0,0,0.978,0
E0682,2,18,8,20.178,7.828,1,0,0.641,0
E0683,0,23,6,16.763,14.569,0,0,0.004,0
E0684,0,22,2,13.5,12.531,0,0,0.608,0
E0685,0,18,5,56.452,6.538,0,0,0.747,0
E0686,0,16,6,26.309,23.609,1,1,0.0,0
E0687,3,31,16,33.156,7.501,0,1,2.393,1
E0688,0,20,6,22.083,2.429,0,0,0.597,0
E0689,1,17,5,10.304,10.789,0,0,0.0,0
E0690,1,18,6,15.121,18.408,0,0,0.467,0
E0691,4,35,14,34.534,11.762,1,0,2.128,1
E0692,0,10,5,8.931,2.971,0,0,1.712,0
E0693,1,14,2,25.836,10.167,0,0,0.771,0
E0694,1,32,9,30.611,14.356,0,1,2.87,1
E0695,0,17,8,15.942,11.947,0,0,0.585,0
E0696,0,15,6,13.878,10.316,1,0,0.0,0
E0697,0,17,7,137.47,20.043,0,0,1.02,0
E0698,0,15,3,13.057,3.617,0,0,0.288,0
E0699,1,19,6,5.235,0.247,0,0,0.465,0
E0700,0,24,4,7.1,1.5,0,0,0.071,0
E0701,1,12,6,32.902,2.93,0,0,0.69,0
E0702,0,18,6,47.88,16.316,0,0,1.236,0
E0703,5,42,10,27.299,9.72,1,0,2.813,1
E0704,0,12,5,46.123,24.836,0,0,1.522,0
E0705,2,18,4,32.526,3.38,1,0,1.6,0
E0706,0,21,6,17.758,24.51,0,1,0.0,0
E0707,1,23,5,16.957,4.361,0,0,0.0,0
E0708,1,18,7,22.591,7.818,0,0,0.0,0
E0709,2,24,1,35.529,1.847,0,1,0.998,0
E0710,4,27,8,55.05,26.775,1,0,1.919,1
E0711,1,22,5,12.937,8.646,0,0,0.381,0
E0712,2,19,7,17.935,34.166,1,0,0.531,0
E0713,3,41,7,154.134,23.073,1,0,2.51,1
E0714,0,10,7,23.648,7.671,0,0,0.0,0
E0715,2,14,4,35.342,4.981,0,0,0.0,0
E0716,0,16,6,28.529,16.809,0,0,0.651,0
E0717,2,12,4,23.991,9.334,0,0,1.309,0
E0718,0,13,10,21.556,4.758,0,0,0.636,0
E0719,1,39,14,76.196,12.915,0,1,1.865,1
E0720,1,13,5,32.044,1.239,0,0,0.0,0
E0721,0,24,4,23.844,12.109,0,1,1.174,0
E0722,3,13,8,12.795,13.775,0,0,0.245,0
E0723,4,41,13,54.632,5.067,1,0,1.669,1
E0724,3,13,7,19.229,20.403,1,1,0.0,0
E0725,0,24,3,16.439,17.602,0,0,0.0,0
E0726,0,20,4,114.572,11.339,0,0,0.121,0
E0727,0,23,3,7.386,4.087,1,0,0.519,0
E0728,0,18,11,37.451,14.349,0,0,0.0,0
E0729,0,15,5,11.465,6.788,0,0,0.752,0
E0730,1,22,4,21.874,10.504,0,0,0.514,0
E0731,1,13,2,106.653,15.302,0,0,1.872,0
E0732,0,18,8,10.745,2.472,0,0,0.0,0
E0733,0,10,8,12.547,1.763,0,0,0.739,0
E0734,0,24,2,19.858,6.269,0,0,0.746,0
E0735,0,22,7,11.58,30.484,0,0,0.083,0
E0736,1,18,7,35.682,35.083,0,0,0.702,0
E0737,0,22,5,14.19,11.917,1,0,1.073,0
E0738,1,18,6,30.726,17.934,0,0,0.703,0
E0739,1,23,4,8.466,8.92,0,0,1.411,0
E0740,1,8,3,6.206,9.847,0,0,0.0,0
E0741,0,23,1,17.308,7.811,0,0,0.187,0
E0742,4,40,12,15.34,23.54,1,0,3.111,1
E0743,0,16,9,53.886,25.021,0,0,1.152,0
E0744,0,19,6,7.431,9.677,0,0,0.947,0
E0745,1,10,9,10.232,9.815,1,0,1.328,0
E0746,1,19,3,26.281,8.123,0,0,0.0,0
E0747,2,17,5,13.72,25.435,1,0,1.088,0
E0748,0,19,5,7.486,16.447,0,0,1.235,0
E0749,0,20,4,75.639,4.002,0,0,0.288,0
E0750,1,16,6,10.474,29.888,1,0,2.096,0
E0751,1,12,6,17.68,0.718,1,0,0.758,0
E0752,1,16,4,17.532,23.794,0,0,0.0,0
E0753,1,20,4,31.871,18.375,0,0,0.86,0
E0754,0,22,6,27.127,9.7,1,0,0.254,0
E0755,1,22,6,11.735,9.525,0,0,1.291,0
E0756,0,17,4,16.252,8.439,0,0,0.951,0
E0757,5,37,12,36.69,6.206,1,0,1.971,1
E0758,1,9,3,32.682,28.363,0,0,1.476,0
E0759,0,19,5,9.399,9.315,0,0,1.167,0
E0760,0,25,5,74.573,4.108,0,0,0.195,0
E0761,0,26,4,12.262,27.253,0,0,0.566,0
E0762,0,18,5,19.972,12.874,0,0,0.934,0
E0763,0,10,6,9.45,13.421,0,0,0.45,0
E0764,5,42,15,18.287,36.226,1,1,2.116,1
E0765,0,12,7,11.377,14.729,0,0,0.67,0
E0766,0,14,2,10.688,5.647,0,0,0.064,0
E0767,0,27,3,15.344,14.713,0,0,0.0,0
E0768,2,24,3,10.63,4.515,1,0,0.782,0
E0769,1,23,2,31.567,6.552,0,0,0.0,0
E0770,1,10,4,12.074,11.643,0,0,0.104,0
E0771,0,15,2,11.235,17.751,0,0,0.0,0
E0772,0,21,3,15.558,5.918,0,0,0.0,0
E0773,2,18,2,38.296,8.254,0,1,0.884,0
E0774,0,12,1,23.096,8.188,0,0,0.528,0
E0775,0,19,2,18.825,19.845,0,0,0.508,0
E0776,1,17,8,7.913,9.516,0,0,0.0,0
E0777,3,12,5,9.557,29.63,0,0,0.289,0
E0778,0,13,5,8.75,6.548,0,0,0.857,0
E0779,1,13,8,46.967,6.132,0,0,0.621,0
E0780,0,14,5,28.357,23.512,0,0,1.102,0
E0781,6,33,9,24.287,17.489,1,0,2.831,1
E0782,0,18,3,13.918,41.016,0,0,0.511,0
E0783,1,25,7,11.747,22.938,0,0,0.0,0
E0784,2,29,14,23.907,4.928,0,0,1.884,1
E0785,1,19,6,27.091,9.35,0,1,0.596,0
E0786,2,21,4,16.662,11.632,0,0,0.223,0
E0787,1,20,10,77.693,11.057,0,0,0.07,0
E0788,2,17,3,45.274,8.355,0,0,0.688,0
E0789,1,21,3,47.048,10.898,0,0,1.987,0
E0790,2,21,6,31.074,11.317,0,0,0.381,0
E0791,1,15,11,15.261,5.995,0,0,0.648,0
E0792,2,19,6,29.623,19.311,0,0,0.0,0
E0793,0,16,4,16.011,27.464,1,0,1.334,0
E0794,1,13,5,57.956,15.579,1,1,1.131,0
E0795,1,13,8,26.122,12.589,0,0,1.093,0
E0796,0,22,3,23.82,8.913,0,0,1.398,0
E0797,1,18,5,21.815,11.564,0,0,0.415,0
E0798,1,13,4,62.251,12.405,0,0,0.484,0
E0799,2,14,4,7.909,4.188,1,0,1.59,0
